{
    "timestamp": "20250515_044301",
    "best_params": {
        "rolling_volatility_window": 30,
        "trix_period": 67,
        "tema_period": 60,
        "bbands_period": 34,
        "macd_fast": 11,
        "macd_slow": 13,
        "obv_window": 23,
        "ewma_span": 39,
        "num_leaves": 32,
        "learning_rate": 0.032680410111678555,
        "n_estimators": 212,
        "min_child_samples": 14,
        "subsample": 0.6742496315634284,
        "colsample_bytree": 0.8489964219950483,
        "reg_alpha": 0.9176734620962719,
        "reg_lambda": 0.565026719207869
    },
    "accuracy": 0.5983,
    "precision": 0.5839,
    "recall": 0.3378,
    "f1_score": 0.4279,
    "duration_seconds": 3148.18,
    "portfolio_balances": {
        "dynamic": 10342.84,
        "balanced": 10139.51,
        "ultra_aggressive": 10650.02
    }
}