{
    "timestamp": "20250515_113839",
    "best_params": {
        "rolling_volatility_window": 34,
        "trix_period": 39,
        "tema_period": 10,
        "bbands_period": 12,
        "macd_fast": 18,
        "macd_slow": 40,
        "obv_window": 14,
        "ewma_span": 29,
        "num_leaves": 30,
        "learning_rate": 0.030532620163658666,
        "n_estimators": 206,
        "min_child_samples": 16,
        "subsample": 0.6592296278316092,
        "colsample_bytree": 0.7492299686551599,
        "reg_alpha": 0.6831023359494196,
        "reg_lambda": 0.3002508566016662
    },
    "accuracy": 0.6007,
    "precision": 0.5862,
    "recall": 0.3464,
    "f1_score": 0.4355,
    "duration_seconds": 2885.17,
    "portfolio_balances": {
        "dynamic": 10387.8,
        "balanced": 10160.58,
        "ultra_aggressive": 10823.4
    }
}